{"dice_score": [0.9803906452331883, 0.9764695332521331, 0.5572695198531764, 0.8750711026624067, 0.6817313004780506, 0.7821179163186196, 0.9741897720700572], "dist_score": [7.395358353695263, 8.678335806665517, 122.47688504223476, 64.92341693219348, 151.24821840510126, 125.0977398802448, 28.379368400112035], "dices": [[0.9911942312413694, 0.9823673674413433, 0.9708161544769528, 0.9953032445225506, 0.9936035508074943, 0.9939185312679409, 0.9740192016170308, 0.9952387586041161, 0.9735093790936611, 0.9923035205771844], [0.9678104024875123, 0.9570083081282649, 0.99102147475629, 0.9731788092510205, 0.9613913943184331, 0.9535645022529609, 0.992053888272751, 0.9963502432844352, 0.9283844038608217, 0.9949609537959443, 0.9481855192162608, 0.9733546814964733, 0.9941784957506548], [0.8101350892999586, 0.924007814403937, 0.6258589745757863, 0.8109920527914155, 0.9145982160876572, 0.7775266769665908, 0.9342340295515303, 0.2859613801957094], [0.22051209565676622, 0.9190511624920474, 0.8780306624789804, 0.9514225521345889, 0.993977496845187], [0.9282360073797326, 0.9839956544866035, 0.1588333886364994, 0.2666471375702395, 0.9102328995030431, 0.2813672777930016, 0.24807577987895757, 0.7072456667844569, 0.9747399492212655, 0.6186407369897033, 0.9851905472862184, 0.9543496881204503, 0.9784136046716725, 0.31363776135297106, 0.6082450498627365, 0.9729669702066088, 0.4099356169548582, 0.9761918020227537, 0.9765191860487471, 0.9870899747246531, 0.27161885358113474, 0.9847300165055699, 0.9809288394919513, 0.9895856148519064, 0.9703020374465251, 0.21151173826613864], [0.2672711303300219, 0.9563983465700083, 2.4614839301961026e-12, 0.9944696024597116, 0.9774579222287145, 0.9808766185364409, 0.9859739971519188, 0.9555315821259921, 0.9285590471239258, 0.9449814257294231, 0.9167082853814867, 0.029485045822186105, 0.975290068703193, 0.966715450785621, 0.9875256350660586, 0.9838378402959137, 0.9669762037801365, 0.9060760356924358, 0.9460193875388793, 0.050549280142970866, 0.03876344725495056, 0.20119432780477525, 0.9306577811252027, 0.9702888538383094, 0.9844140079034652, 0.9035306844083008, 0.3336807170641292, 0.3507464216876572, 0.2174806601698949, 0.49591371060835676], [0.998363167590334, 0.9897414578487139, 0.8119617643057393, 0.06936622420189256, 0.9460979015906812, 0.9220099383977077, 0.97186551184755, 0.91841091815642, 0.9937411640231059, 0.9574821377592768, 0.9772544248090029, 0.9943158441209966, 0.9863883539781912, 0.9887807435085786, 0.9704660161988776, 0.978087141876415, 0.9860220172118344, 0.9890258148373816, 0.9560286300217046, 0.9949893496736415, 0.994511029093524, 0.968587461083931, 0.9655639741743981, 0.9860451828410944, 0.977961349559638]], "dists": [[6.250832946364759, 8.972125138435104, 12.063111503186164, 1.6758771122437084, 4.449432848752633, 4.447619814659268, 16.228663680799183, 2.620277011773446, 14.199220061484946, 3.0464234192534154], [6.650786795888377, 16.76830606042286, 1.6619514033923906, 4.194403781336868, 13.521165616103309, 11.834199557516543, 2.9432064452515676, 2.656817012001323, 31.13629238061875, 0.6379357070691531, 14.505159232815483, 3.7544316643238584, 2.5537098299112286], [46.328462748203364, 30.63448466215651, 337.4525060569078, 126.72975080320823, 19.243724619709983, 127.0628458827164, 29.397627354149304, 262.9656782108264], [249.9899731371919, 33.31099467890874, 29.888703395557027, 9.236158004049186, 2.1912554452605164], [9.330954419284696, 3.19566124264331, 502.2351265505596, 622.6036388029614, 14.759188127689148, 186.14196297624306, 426.6974017729984, 91.62884269548528, 4.47621231295192, 371.6115983985753, 3.6053289045722132, 9.316710458749364, 7.24246598799313, 498.4850556657774, 377.9889566783423, 17.1177236000453, 175.354955688504, 4.786807201461695, 4.830136663236863, 5.036190888634223, 215.3654763764407, 4.104361389358174, 4.467596061449555, 4.527986372677863, 5.262784140133716, 362.2805551558641], [452.4586932603845, 26.659711214826643, 471.46429315156524, 1.2819691710282062, 7.823652541032271, 10.323927951353454, 3.606332456079715, 25.350759244780722, 22.205617348275794, 25.58453893858241, 37.82168795502372, 571.9870227961702, 16.398133283899554, 15.735143136386199, 3.5943159207626016, 2.9012205520454706, 9.252698457025769, 37.33460579861693, 11.015784599843904, 276.0160751841161, 344.1515742108781, 375.3513623172332, 20.671119675016048, 9.599119918411128, 12.482536493284758, 50.58233439369523, 201.86465316657194, 222.42207641147095, 298.4168761952404, 188.57436066374248], [0.6160534576868426, 2.508446196324827, 57.95098527902004, 432.7279828058358, 23.8089285565669, 23.7098985442618, 5.648390923065288, 20.66972907075462, 4.318039180431723, 27.997798301654168, 7.182015889651519, 2.771434323094237, 6.878455674261918, 5.744005093162692, 14.521598943093068, 5.527763251067294, 9.580012691228916, 3.6287576446962877, 16.190131679988323, 1.956112719875003, 1.7256843702495799, 9.410603876409565, 7.6575436465414715, 6.879704306903757, 9.874133576975163]]}