{"dice_score": [0.9805577877939784, 0.974461572220777, 0.9326934752869691, 0.9594817996890556, 0.9539174793747078, 0.9771190305618928, 0.9808985584692124], "dist_score": [5.929116600653505, 8.112707231998336, 103.92646458114645, 19.607639098235687, 22.08277302327913, 17.959926592672126, 10.237703590927886], "dices": [[0.9802669686376474, 0.9832856564341933, 0.988448049143745, 0.990155329569176, 0.989984475356099, 0.9951632382308534, 0.9463662100512589, 0.9927874351350139, 0.9748088539296831, 0.9937525638951], [0.954046619259314, 0.9510809746540957, 0.9944676543939874, 0.9878306793502459, 0.9500553571257616, 0.9510934363776227, 0.9936326980254311, 0.988440254470637, 0.9691910294349657, 0.9981684613062326, 0.9420005929578671, 0.9827656291166721, 0.9912699788249112], [0.9747630397322787, 0.6792003937875442, 0.9408871935253724, 0.5828921597900414, 0.9546097962257217, 0.48817094071957806, 0.5979755172401292, 0.5460219667647072], [0.9310347479362889, 0.9178291372861763, 0.9839968910910638, 0.9467311410630761, 0.9947926195142014], [0.9174839233477293, 0.9887093328998495, 0.8460033075105766, 0.8530897769056109, 0.9102869227864325, 0.7416470709842232, 0.9624872602613529, 0.9498500499834384, 0.9146220796727765, 0.8720161561504512, 0.9615448558092652, 0.9831951009714739, 0.9904028906004907, 0.9191415195525714, 0.9213578938236855, 0.9598206157709405, 0.7721980996713576, 0.9700033612926489, 0.9806510072305844, 0.984456153769379, 0.9741532522255467, 0.9904593205099816, 0.9856500374633409, 0.995229411168124, 0.9537220906967029, 0.7021466517297854], [0.9425813132998497, 0.9581526174147788, 0.9458824192251559, 0.9910042051348955, 0.9694825739269661, 0.9692124213650952, 0.9866004101651799, 0.9620991152830038, 0.9657066814968505, 0.9701975431102159, 0.9461572164008432, 0.9665895620004088, 0.9599614892795225, 0.9675358094834625, 0.9906027207980985, 0.9891231260602008, 0.9663304265097237, 0.9679560370363578, 0.9554921432367735, 0.9377914540784344, 0.9374312720299747, 0.9175364897015854, 0.9367252459417036, 0.9843130837083268, 0.9676041862687499, 0.884327033451491, 0.9477307491698567, 0.968116114970864, 0.8909552642455588, 0.9526869246878574], [0.9947288170834173, 0.9924822632529987, 0.9722214554839901, 0.9384466733969383, 0.9795055802188054, 0.9294412940412262, 0.9704197523300995, 0.9372990907526225, 0.9899930029989955, 0.9653438150432809, 0.950277610232237, 0.9933328485355974, 0.9823828299054133, 0.9907828791981282, 0.9720708550844628, 0.9719584283120737, 0.9907557583086596, 0.9910500758282944, 0.9433876862843791, 0.991959708817418, 0.9948172689619518, 0.9579745173845604, 0.9589891035751164, 0.9857153820011881, 0.9834458105630774]], "dists": [[6.567473095929445, 7.275270589518595, 4.923931907201569, 2.6629474779350333, 3.6715598827675233, 2.027517285008377, 18.499702198936443, 2.226148834896399, 8.216090173198568, 3.220524561143101], [10.388389832759252, 17.6006220684, 1.2962137063033585, 2.433991160280484, 18.824939429108458, 15.122476697648787, 2.141075185514589, 6.448753281324792, 10.028368925454368, 1.146878686094312, 14.510632525151502, 3.2468025086639543, 2.276050009274499], [6.949402459991365, 114.3006865685307, 18.649578649951312, 171.41395707263695, 10.130956130543382, 206.74464637982953, 147.17279625370745, 156.04969313398098], [35.85783473313133, 30.795546473251022, 4.684130132751191, 24.566888402614843, 2.133795749430035], [12.161860386994043, 4.229028646121495, 33.113154865261734, 48.88261914898465, 14.690761342001329, 49.167287936219395, 17.590753208643893, 31.11329259290604, 31.06630257747266, 49.39729249912235, 7.748482870190626, 4.779386727004199, 4.313226567044709, 40.92846324331343, 32.261901581994664, 15.305641979369348, 70.90857531922532, 5.43289351084544, 6.414299180436178, 5.0536371949034375, 11.540919155107495, 4.42439557397404, 7.288020518589666, 3.0062740158676857, 7.988259239941456, 55.345368723722146], [34.041853333301624, 25.607773774096856, 24.443408919881463, 1.9491930925941006, 8.165314689160962, 11.522394399607634, 3.2161648476985625, 21.88299752375916, 17.274937131507457, 11.368672545273222, 17.143354581152817, 28.112874878007148, 35.00503561961943, 12.78295720807647, 3.010963531294296, 3.15426497020843, 9.012043493036588, 13.675798331548917, 8.048684762252583, 18.39295687940721, 38.76340364121841, 28.869542557513242, 18.84025981951158, 2.2128564859996076, 11.242764694847258, 31.112953915654074, 29.34137964236643, 8.31790319965341, 49.853789964484896, 12.43129934743005], [1.5159939207566306, 2.538081359743325, 18.730093411606383, 26.700905476106307, 10.132032803457093, 22.276080976842568, 4.727508830104796, 15.16243855516661, 5.843772154207453, 19.209422959770002, 23.324948050572793, 2.200013538046446, 7.598373123355137, 3.88497363191475, 12.725962689532007, 9.106685901345443, 7.93054731190177, 4.251656099071636, 12.725268748644563, 2.653035060485216, 2.6776384162958293, 11.668657545528312, 13.898308167569239, 6.659503986151121, 7.800687055021748]]}