{"dice_score": [0.969139794768753, 0.9672877064218105, 0.8821228453480573, 0.9480485132902976, 0.9461046444938763, 0.9576005080186506, 0.9695912903945061], "dist_score": [9.416372988552215, 13.454581063352249, 113.55278146360209, 25.538064167219, 30.629827674839053, 30.11299326373006, 16.71312963962255], "dices": [[0.980405517288671, 0.9755567565344198, 0.9861337824998774, 0.9764626379075458, 0.9907420687967161, 0.9805216831716171, 0.9791077001058659, 0.9880771006463757, 0.9188163562674289, 0.9752472050539326], [0.9742915264443822, 0.9673322227697471, 0.976791177141436, 0.9254569267159422, 0.9340518667688987, 0.9094683703113505, 0.9828528865802821, 0.9738243281169607, 0.8823650921497468, 0.9593888655714875, 0.9584217769818945, 0.9817078339295443, 0.9767871819914002], [0.9436874741943027, 0.6818001682807862, 0.9403592128696128, 0.5815545478186042, 0.790636495851173, 0.48901302568171134, 0.5983558263779576, 0.5482993483443083], [0.9324917979161752, 0.953684801806627, 0.8767998421850633, 0.9044035824058788, 0.9871563059089621], [0.907961502575638, 0.9573739745662732, 0.8500347891672907, 0.8544832543691782, 0.9402537201695428, 0.7430275331628896, 0.9620506724355266, 0.9498997757595136, 0.9152489820316126, 0.8658642569640598, 0.9628329492470833, 0.9836652110398807, 0.9338904189818694, 0.9225104089689758, 0.9198636537121652, 0.9339866708187008, 0.7679475041016771, 0.8866333843765137, 0.9632177039113241, 0.8911540136123147, 0.8597826398649198, 0.9247188034303508, 0.939328611025674, 0.9765308114020709, 0.9657210819906495, 0.7003890631815998], [0.9122530984181123, 0.9485675413853952, 0.8779191226198629, 0.9567355307955031, 0.9452620146620665, 0.9188260170111021, 0.9300399718373075, 0.9147462240488254, 0.9299985235495251, 0.9735513063786791, 0.9137193577038438, 0.9207762105375412, 0.9341848072479316, 0.9517512653865617, 0.9640608343139835, 0.9821047652877235, 0.9350340966598101, 0.8211958163694248, 0.9335762702598045, 0.8688392754569083, 0.8750602625009705, 0.8798926731432533, 0.9212507682853387, 0.9488894715158829, 0.9609584644558501, 0.8717077616162251, 0.9379999259533294, 0.9078941732464986, 0.8903219059904175, 0.9104063985064587], [0.9887046189937894, 0.9669796802186469, 0.9376626538761904, 0.9021109299092448, 0.9574252987394756, 0.9566694490167708, 0.9150365030924391, 0.8826134033187722, 0.9312394956429014, 0.9470262524103843, 0.9488870057665842, 0.9678984417479048, 0.9544236024201619, 0.9109380240188281, 0.9395205102785646, 0.9608278442681413, 0.9896429945894747, 0.9781439933830504, 0.943092102749205, 0.9849435062114966, 0.9960406125049595, 0.9853470188140836, 0.989652751145442, 0.9675530334326826, 0.957562028432375]], "dists": [[6.5280690500783685, 11.7452777502246, 7.94186766136573, 9.771836740806613, 4.775188632701623, 4.078618029116288, 6.851622686099008, 6.0947613445842155, 25.883923687356347, 10.49256430318937], [9.899141270325309, 15.454960367583595, 6.682920731298062, 19.581041708131583, 24.262183301419928, 22.779098215234015, 5.22253828036335, 8.865119270895072, 27.920564809270893, 8.766270761274878, 13.346972603121236, 3.688467062524502, 8.440275442136837], [24.226959103214355, 114.206191097948, 18.81277718499588, 170.93797192717895, 70.50991728959148, 206.75828515685993, 147.42740996763126, 155.54273998139686], [35.11607872302211, 24.20938805466208, 33.15007414483155, 29.63721699470611, 5.577562918873155], [15.705794006118728, 10.665191694511208, 32.99122923132101, 49.069778972371324, 15.968095877018223, 49.25829235889744, 17.834162644081683, 31.372850080054363, 30.788932283348863, 49.44738601220291, 18.785399459701257, 19.484453271785664, 22.7273730661525, 41.26859261360011, 32.16609431756725, 30.12668406968722, 70.57463765496897, 35.49469697178231, 20.02426146957726, 30.993775454870736, 41.26973708014808, 21.11306138036642, 24.459787663858197, 13.46280347703237, 16.03513817170109, 55.28731026309011], [54.60972936509726, 9.879989891996978, 63.254527648560526, 19.35467910308806, 19.933723435890407, 25.84068944176964, 17.242735851917477, 26.642853209163874, 29.286616942584917, 5.726258936721613, 16.090168329512647, 54.836576295878785, 22.70970475400046, 11.300891809237173, 8.85613336524169, 5.803319074580298, 21.95238196069647, 36.12897718638866, 9.94229585000481, 63.75726939651807, 56.91552616077872, 37.27063872470397, 24.738018168981817, 25.62447568669927, 34.442786151584016, 25.40234621269602, 42.324516161411275, 47.700910777962264, 49.72885989021799, 36.09219812801675], [1.4838408614567882, 12.367954412440989, 21.884402851654457, 61.491299686937865, 24.636110521857095, 15.396245039069989, 22.181602485699152, 30.664047197027394, 16.750357821723508, 20.706575468264152, 11.427741780347837, 7.766063984942267, 19.769529834596213, 32.02000288769423, 25.986698344240285, 14.008293398508908, 3.2122080166270837, 9.175145944637924, 17.948431104013714, 6.655766095723629, 2.977865283368202, 4.0824791869681745, 6.8807752547196275, 10.376644437764826, 17.978159090279476]]}